{"nodes":{"node:1":{"location":{"x":15,"y":13}},"node:4":{"location":{"x":210,"y":60}},"node:8":{"location":{"x":210,"y":-60}}},"selection":["node:1"],"view":{"scroll":{"x":-231.675048828125,"y":-437.097412109375},"visible_rect":{"max":{"x":435.52685546875,"y":247.50390625},"min":{"x":-100.968864440917969,"y":-190.496261596679688}},"zoom":2.29451966285705566}}